,info
0,Active Internet connections (servers and established)
1,Proto Recv-Q Send-Q Local Address           Foreign Address         State      
2,tcp        0      0 127.0.0.1:631           0.0.0.0:*               LISTEN     
3,tcp        0      0 127.0.0.1:8888          0.0.0.0:*               LISTEN     
4,tcp        0      0 0.0.0.0:7070            0.0.0.0:*               LISTEN     
5,tcp        0      0 127.0.0.1:49459         0.0.0.0:*               LISTEN     
6,tcp        0      0 127.0.0.1:33035         0.0.0.0:*               LISTEN     
7,tcp        0      0 127.0.0.1:57829         0.0.0.0:*               LISTEN     
8,tcp        0      0 127.0.0.1:59853         0.0.0.0:*               LISTEN     
9,tcp        0      0 127.0.0.1:36673         0.0.0.0:*               LISTEN     
10,tcp        0      0 127.0.0.1:52327         0.0.0.0:*               LISTEN     
11,tcp        0      0 127.0.0.53:53           0.0.0.0:*               LISTEN     
12,tcp        0      0 127.0.0.1:49459         127.0.0.1:54692         ESTABLISHED
13,tcp        0      0 127.0.0.1:43386         127.0.0.1:59853         ESTABLISHED
14,tcp        0      0 127.0.0.1:59156         127.0.0.1:33035         ESTABLISHED
15,tcp        0      0 127.0.0.1:49844         127.0.0.1:52327         ESTABLISHED
16,tcp        0      0 127.0.0.1:8888          127.0.0.1:55382         ESTABLISHED
17,tcp        0      0 127.0.0.1:52327         127.0.0.1:49854         ESTABLISHED
18,tcp        0      0 192.168.1.105:56044     136.243.128.220:443     ESTABLISHED
19,tcp        0      0 127.0.0.1:59853         127.0.0.1:43386         ESTABLISHED
20,tcp        0      0 192.168.1.105:50518     63.141.252.206:80       TIME_WAIT  
21,tcp        0      0 127.0.0.1:52327         127.0.0.1:49844         ESTABLISHED
22,tcp        0    440 127.0.0.1:54700         127.0.0.1:49459         ESTABLISHED
23,tcp        0      0 192.168.1.105:34522     63.141.252.202:443      TIME_WAIT  
24,tcp        0      0 127.0.0.1:49854         127.0.0.1:52327         ESTABLISHED
25,tcp        0      0 127.0.0.1:8888          127.0.0.1:57256         ESTABLISHED
26,tcp        0      0 127.0.0.1:33035         127.0.0.1:59156         ESTABLISHED
27,tcp        0      0 127.0.0.1:57256         127.0.0.1:8888          ESTABLISHED
28,tcp        0      0 127.0.0.1:54692         127.0.0.1:49459         ESTABLISHED
29,tcp        0      0 192.168.1.105:34512     63.141.252.202:443      TIME_WAIT  
30,tcp        0      0 127.0.0.1:33035         127.0.0.1:59144         ESTABLISHED
31,tcp        0      0 127.0.0.1:55382         127.0.0.1:8888          ESTABLISHED
32,tcp        0      0 127.0.0.1:49459         127.0.0.1:54700         ESTABLISHED
33,tcp        0      0 192.168.1.105:57296     138.199.14.92:443       ESTABLISHED
34,tcp        0      0 127.0.0.1:59144         127.0.0.1:33035         ESTABLISHED
35,tcp6       0      0 ::1:631                 :::*                    LISTEN     
36,tcp6       0      0 :::1716                 :::*                    LISTEN     
37,udp        0      0 0.0.0.0:4500            0.0.0.0:*                          
38,udp        0      0 224.0.0.251:5353        0.0.0.0:*                          
39,udp        0      0 0.0.0.0:5353            0.0.0.0:*                          
40,udp        0      0 127.0.0.53:53           0.0.0.0:*                          
41,udp        0      0 192.168.1.105:68        192.168.1.1:67          ESTABLISHED
42,udp        0      0 0.0.0.0:500             0.0.0.0:*                          
43,udp        0      0 0.0.0.0:631             0.0.0.0:*                          
44,udp        0      0 0.0.0.0:50001           0.0.0.0:*                          
45,udp        0      0 0.0.0.0:42156           0.0.0.0:*                          
46,udp        0      0 0.0.0.0:1701            0.0.0.0:*                          
47,udp6       0      0 :::4500                 :::*                               
48,udp6       0      0 :::45853                :::*                               
49,udp6       0      0 :::5353                 :::*                               
50,udp6       0      0 :::500                  :::*                               
51,udp6       0      0 :::1716                 :::*                               
52,raw6       0      0 :::58                   :::*                    7          
53,Active UNIX domain sockets (servers and established)
54,Proto RefCnt Flags       Type       State         I-Node   Path
55,unix  2      [ ACC ]     STREAM     LISTENING     59707    /tmp/.com.google.Chrome.KnMMvw/SingletonSocket
56,unix  2      [ ACC ]     STREAM     LISTENING     48334    /var/run/charon.ctl
57,unix  2      [ ACC ]     STREAM     LISTENING     46673    /var/run/docker/metrics.sock
58,unix  2      [ ]         DGRAM                    48722    /run/user/1000/systemd/notify
59,unix  2      [ ACC ]     STREAM     LISTENING     48725    /run/user/1000/systemd/private
60,unix  2      [ ACC ]     STREAM     LISTENING     48730    /run/user/1000/bus
61,unix  2      [ ACC ]     STREAM     LISTENING     48731    /run/user/1000/gnupg/S.dirmngr
62,unix  2      [ ACC ]     STREAM     LISTENING     48732    /run/user/1000/gnupg/S.gpg-agent.browser
63,unix  2      [ ACC ]     STREAM     LISTENING     48733    /run/user/1000/gnupg/S.gpg-agent.extra
64,unix  2      [ ACC ]     STREAM     LISTENING     48734    /run/user/1000/gnupg/S.gpg-agent.ssh
65,unix  2      [ ACC ]     STREAM     LISTENING     48735    /run/user/1000/gnupg/S.gpg-agent
66,unix  2      [ ACC ]     STREAM     LISTENING     48736    /run/user/1000/pk-debconf-socket
67,unix  2      [ ACC ]     STREAM     LISTENING     48737    /run/user/1000/pulse/native
68,unix  2      [ ACC ]     STREAM     LISTENING     48738    /run/user/1000/snapd-session-agent.socket
69,unix  2      [ ACC ]     STREAM     LISTENING     49001    @/tmp/.ICE-unix/2325
70,unix  2      [ ACC ]     STREAM     LISTENING     48755    /run/user/1000/keyring/control
71,unix  2      [ ACC ]     STREAM     LISTENING     49073    @/tmp/.X11-unix/X0
72,unix  2      [ ACC ]     STREAM     LISTENING     49075    @/tmp/.X11-unix/X1
73,unix  2      [ ACC ]     STREAM     LISTENING     48454    /var/run/docker/libnetwork/05bb5c81af96.sock
74,unix  2      [ ACC ]     STREAM     LISTENING     50975    /run/user/1000/keyring/pkcs11
75,unix  2      [ ACC ]     STREAM     LISTENING     50977    /run/user/1000/keyring/ssh
76,unix  4      [ ]         DGRAM      CONNECTED     17728    /run/systemd/notify
77,unix  2      [ ACC ]     STREAM     LISTENING     17731    /run/systemd/private
78,unix  2      [ ACC ]     STREAM     LISTENING     17733    /run/systemd/userdb/io.systemd.DynamicUser
79,unix  2      [ ACC ]     STREAM     LISTENING     49077    /run/user/1000/wayland-0
80,unix  2      [ ACC ]     STREAM     LISTENING     17742    /run/systemd/fsck.progress
81,unix  2      [ ACC ]     STREAM     LISTENING     49002    /tmp/.ICE-unix/2325
82,unix  21     [ ]         DGRAM      CONNECTED     17750    /run/systemd/journal/dev-log
83,unix  2      [ ACC ]     STREAM     LISTENING     17752    /run/systemd/journal/stdout
84,unix  7      [ ]         DGRAM      CONNECTED     17754    /run/systemd/journal/socket
85,unix  2      [ ACC ]     SEQPACKET  LISTENING     17756    /run/udev/control
86,unix  2      [ ACC ]     STREAM     LISTENING     49074    /tmp/.X11-unix/X0
87,unix  2      [ ACC ]     STREAM     LISTENING     36527    /run/containerd/containerd.sock.ttrpc
88,unix  2      [ ACC ]     STREAM     LISTENING     40373    /run/containerd/containerd.sock
89,unix  2      [ ]         DGRAM                    41153    /run/wpa_supplicant/wlp2s0
90,unix  2      [ ACC ]     STREAM     LISTENING     17885    /run/systemd/journal/io.systemd.journal
91,unix  2      [ ]         DGRAM                    41229    /run/wpa_supplicant/p2p-dev-wlp2s0
92,unix  2      [ ACC ]     STREAM     LISTENING     49076    /tmp/.X11-unix/X1
93,unix  2      [ ACC ]     STREAM     LISTENING     50790    @/tmp/dbus-mfSoedMR
94,unix  2      [ ACC ]     STREAM     LISTENING     53958    @/home/mahdi/.cache/ibus/dbus-oC6xLb9W
95,unix  2      [ ACC ]     STREAM     LISTENING     37761    @/tmp/dbus-vn2LNhHo
96,unix  2      [ ACC ]     STREAM     LISTENING     35087    /run/acpid.socket
97,unix  2      [ ACC ]     STREAM     LISTENING     35089    /run/avahi-daemon/socket
98,unix  2      [ ACC ]     STREAM     LISTENING     35091    /run/cups/cups.sock
99,unix  2      [ ACC ]     STREAM     LISTENING     35093    /run/dbus/system_bus_socket
100,unix  2      [ ACC ]     STREAM     LISTENING     35095    /run/docker.sock
101,unix  2      [ ACC ]     STREAM     LISTENING     35097    /run/snapd.socket
102,unix  2      [ ACC ]     STREAM     LISTENING     35099    /run/snapd-snap.socket
103,unix  2      [ ACC ]     STREAM     LISTENING     53303    @/tmp/dbus-GDCLROQgAn
104,unix  2      [ ACC ]     STREAM     LISTENING     35101    /run/uuidd/request
105,unix  2      [ ACC ]     STREAM     LISTENING     50791    @/tmp/dbus-ovqhWDkr
106,unix  2      [ ACC ]     STREAM     LISTENING     37762    @/tmp/dbus-BKEXFnDq
107,unix  2      [ ACC ]     STREAM     LISTENING     36962    /run/irqbalance//irqbalance1061.sock
108,unix  3      [ ]         SEQPACKET  CONNECTED     56864    @00017
109,unix  3      [ ]         SEQPACKET  CONNECTED     57820    @00016
110,unix  3      [ ]         SEQPACKET  CONNECTED     57819    @00015
111,unix  3      [ ]         SEQPACKET  CONNECTED     56863    @00014
112,unix  3      [ ]         SEQPACKET  CONNECTED     56871    @00019
113,unix  3      [ ]         SEQPACKET  CONNECTED     56869    @00018
114,unix  3      [ ]         STREAM     CONNECTED     58265    
115,unix  3      [ ]         STREAM     CONNECTED     53978    
116,unix  3      [ ]         STREAM     CONNECTED     55046    /run/dbus/system_bus_socket
117,unix  3      [ ]         STREAM     CONNECTED     54708    /run/systemd/journal/stdout
118,unix  3      [ ]         STREAM     CONNECTED     60645    
119,unix  3      [ ]         STREAM     CONNECTED     56354    
120,unix  3      [ ]         STREAM     CONNECTED     53133    
121,unix  3      [ ]         STREAM     CONNECTED     54710    /run/systemd/journal/stdout
122,unix  3      [ ]         STREAM     CONNECTED     53720    
123,unix  3      [ ]         STREAM     CONNECTED     98905    
124,unix  3      [ ]         STREAM     CONNECTED     56970    @/tmp/.X11-unix/X0
125,unix  3      [ ]         STREAM     CONNECTED     56930    
126,unix  3      [ ]         STREAM     CONNECTED     48828    /run/systemd/journal/stdout
127,unix  3      [ ]         STREAM     CONNECTED     47158    /run/dbus/system_bus_socket
128,unix  3      [ ]         STREAM     CONNECTED     54997    
129,unix  3      [ ]         STREAM     CONNECTED     56342    /run/user/1000/bus
130,unix  3      [ ]         STREAM     CONNECTED     51606    /run/systemd/journal/stdout
131,unix  3      [ ]         STREAM     CONNECTED     38460    /run/dbus/system_bus_socket
132,unix  3      [ ]         STREAM     CONNECTED     59116    /run/user/1000/wayland-0
133,unix  3      [ ]         STREAM     CONNECTED     59813    
134,unix  3      [ ]         STREAM     CONNECTED     52744    /run/user/1000/bus
135,unix  3      [ ]         STREAM     CONNECTED     60272    
136,unix  3      [ ]         STREAM     CONNECTED     60267    
137,unix  3      [ ]         STREAM     CONNECTED     53863    /run/systemd/journal/stdout
138,unix  3      [ ]         STREAM     CONNECTED     101046   
139,unix  3      [ ]         STREAM     CONNECTED     56978    
140,unix  3      [ ]         STREAM     CONNECTED     58388    
141,unix  3      [ ]         STREAM     CONNECTED     53447    /run/user/1000/bus
142,unix  3      [ ]         STREAM     CONNECTED     46632    
143,unix  3      [ ]         STREAM     CONNECTED     55157    @/tmp/dbus-GDCLROQgAn
144,unix  3      [ ]         STREAM     CONNECTED     54781    /run/systemd/journal/stdout
145,unix  3      [ ]         STREAM     CONNECTED     53811    
146,unix  3      [ ]         STREAM     CONNECTED     38457    /run/dbus/system_bus_socket
147,unix  3      [ ]         STREAM     CONNECTED     50812    
148,unix  3      [ ]         STREAM     CONNECTED     59625    /run/systemd/journal/stdout
149,unix  3      [ ]         STREAM     CONNECTED     57878    @/tmp/.X11-unix/X0
150,unix  3      [ ]         STREAM     CONNECTED     55813    /run/user/1000/bus
151,unix  3      [ ]         STREAM     CONNECTED     48841    
152,unix  3      [ ]         STREAM     CONNECTED     41118    /run/dbus/system_bus_socket
153,unix  3      [ ]         STREAM     CONNECTED     37011    /run/systemd/journal/stdout
154,unix  3      [ ]         STREAM     CONNECTED     54619    
155,unix  3      [ ]         STREAM     CONNECTED     100037   @/dbus-vfs-daemon/socket-Ok6g2cPY
156,unix  3      [ ]         STREAM     CONNECTED     57276    
157,unix  3      [ ]         STREAM     CONNECTED     55626    /run/user/1000/wayland-0
158,unix  3      [ ]         STREAM     CONNECTED     52675    /run/systemd/journal/stdout
159,unix  3      [ ]         STREAM     CONNECTED     54443    /run/user/1000/bus
160,unix  3      [ ]         STREAM     CONNECTED     49043    /run/user/1000/bus
161,unix  3      [ ]         STREAM     CONNECTED     51433    /run/systemd/journal/stdout
162,unix  3      [ ]         STREAM     CONNECTED     59719    
163,unix  3      [ ]         STREAM     CONNECTED     56077    @/home/mahdi/.cache/ibus/dbus-oC6xLb9W
164,unix  3      [ ]         STREAM     CONNECTED     53968    /run/user/1000/bus
165,unix  3      [ ]         STREAM     CONNECTED     53765    
166,unix  3      [ ]         STREAM     CONNECTED     53964    @/tmp/dbus-GDCLROQgAn
167,unix  3      [ ]         STREAM     CONNECTED     53935    
168,unix  3      [ ]         STREAM     CONNECTED     49140    /run/systemd/journal/stdout
169,unix  3      [ ]         STREAM     CONNECTED     54877    /run/dbus/system_bus_socket
170,unix  3      [ ]         STREAM     CONNECTED     100538   /run/systemd/journal/stdout
171,unix  3      [ ]         STREAM     CONNECTED     59330    
172,unix  3      [ ]         STREAM     CONNECTED     56934    /run/user/1000/bus
173,unix  3      [ ]         STREAM     CONNECTED     47951    
174,unix  3      [ ]         STREAM     CONNECTED     35956    
175,unix  3      [ ]         DGRAM      CONNECTED     19567    
176,unix  3      [ ]         STREAM     CONNECTED     55806    
177,unix  3      [ ]         STREAM     CONNECTED     50870    
178,unix  3      [ ]         STREAM     CONNECTED     59810    
179,unix  3      [ ]         STREAM     CONNECTED     47914    /run/user/1000/bus
180,unix  3      [ ]         STREAM     CONNECTED     55821    @/home/mahdi/.cache/ibus/dbus-oC6xLb9W
181,unix  3      [ ]         STREAM     CONNECTED     52957    
182,unix  3      [ ]         STREAM     CONNECTED     60270    
183,unix  3      [ ]         STREAM     CONNECTED     53123    
184,unix  3      [ ]         STREAM     CONNECTED     53057    
185,unix  3      [ ]         STREAM     CONNECTED     47789    /run/dbus/system_bus_socket
186,unix  3      [ ]         STREAM     CONNECTED     56931    
187,unix  2      [ ]         DGRAM      CONNECTED     35270    
188,unix  3      [ ]         STREAM     CONNECTED     54879    /run/dbus/system_bus_socket
189,unix  3      [ ]         STREAM     CONNECTED     53822    
190,unix  3      [ ]         STREAM     CONNECTED     58808    /run/user/1000/bus
191,unix  3      [ ]         STREAM     CONNECTED     54537    /run/dbus/system_bus_socket
192,unix  3      [ ]         STREAM     CONNECTED     51591    /run/systemd/journal/stdout
193,unix  3      [ ]         STREAM     CONNECTED     36930    
194,unix  3      [ ]         STREAM     CONNECTED     50814    /run/user/1000/bus
195,unix  3      [ ]         STREAM     CONNECTED     98274    
196,unix  3      [ ]         STREAM     CONNECTED     55845    @/home/mahdi/.cache/ibus/dbus-oC6xLb9W
197,unix  3      [ ]         STREAM     CONNECTED     55586    
198,unix  2      [ ]         DGRAM                    53440    
199,unix  3      [ ]         STREAM     CONNECTED     49036    
200,unix  3      [ ]         STREAM     CONNECTED     37818    /run/dbus/system_bus_socket
201,unix  3      [ ]         STREAM     CONNECTED     38559    
202,unix  3      [ ]         STREAM     CONNECTED     35282    /run/systemd/journal/stdout
203,unix  3      [ ]         STREAM     CONNECTED     54494    
204,unix  3      [ ]         STREAM     CONNECTED     98909    
205,unix  3      [ ]         STREAM     CONNECTED     60647    /run/dbus/system_bus_socket
206,unix  3      [ ]         STREAM     CONNECTED     57439    /run/user/1000/bus
207,unix  3      [ ]         STREAM     CONNECTED     47918    
208,unix  3      [ ]         STREAM     CONNECTED     47693    
209,unix  3      [ ]         STREAM     CONNECTED     54996    
210,unix  3      [ ]         STREAM     CONNECTED     35419    /run/systemd/journal/stdout
211,unix  3      [ ]         STREAM     CONNECTED     57141    /run/systemd/journal/stdout
212,unix  3      [ ]         STREAM     CONNECTED     53877    
213,unix  3      [ ]         STREAM     CONNECTED     47141    
214,unix  3      [ ]         STREAM     CONNECTED     59718    
215,unix  3      [ ]         STREAM     CONNECTED     56348    /run/user/1000/bus
216,unix  3      [ ]         STREAM     CONNECTED     54707    /run/systemd/journal/stdout
217,unix  3      [ ]         STREAM     CONNECTED     53509    
218,unix  3      [ ]         STREAM     CONNECTED     41582    
219,unix  3      [ ]         STREAM     CONNECTED     53975    /run/user/1000/bus
220,unix  3      [ ]         STREAM     CONNECTED     50818    
221,unix  2      [ ]         DGRAM      CONNECTED     35947    
222,unix  2      [ ]         DGRAM      CONNECTED     19564    
223,unix  3      [ ]         STREAM     CONNECTED     53821    
224,unix  3      [ ]         STREAM     CONNECTED     54872    
225,unix  3      [ ]         STREAM     CONNECTED     54776    /run/user/1000/bus
226,unix  3      [ ]         STREAM     CONNECTED     51458    /run/systemd/journal/stdout
227,unix  3      [ ]         STREAM     CONNECTED     35496    
228,unix  3      [ ]         STREAM     CONNECTED     60453    /run/dbus/system_bus_socket
229,unix  3      [ ]         STREAM     CONNECTED     53030    
230,unix  3      [ ]         STREAM     CONNECTED     58170    
231,unix  3      [ ]         STREAM     CONNECTED     49137    
232,unix  3      [ ]         STREAM     CONNECTED     51484    /run/user/1000/bus
233,unix  3      [ ]         STREAM     CONNECTED     47310    /run/containerd/containerd.sock
234,unix  3      [ ]         STREAM     CONNECTED     54232    /run/user/1000/pulse/native
235,unix  3      [ ]         STREAM     CONNECTED     55570    
236,unix  3      [ ]         STREAM     CONNECTED     54664    
237,unix  3      [ ]         STREAM     CONNECTED     52676    /run/systemd/journal/stdout
238,unix  3      [ ]         STREAM     CONNECTED     51662    
239,unix  3      [ ]         STREAM     CONNECTED     50247    /run/dbus/system_bus_socket
240,unix  3      [ ]         STREAM     CONNECTED     37955    /run/systemd/journal/stdout
241,unix  3      [ ]         STREAM     CONNECTED     34813    
242,unix  3      [ ]         STREAM     CONNECTED     52888    /run/user/1000/wayland-0
243,unix  3      [ ]         STREAM     CONNECTED     57882    @/tmp/.X11-unix/X0
244,unix  3      [ ]         STREAM     CONNECTED     55817    
245,unix  2      [ ]         DGRAM      CONNECTED     36988    
246,unix  3      [ ]         STREAM     CONNECTED     32700    
247,unix  3      [ ]         STREAM     CONNECTED     54824    /run/systemd/journal/stdout
248,unix  3      [ ]         STREAM     CONNECTED     35418    
249,unix  3      [ ]         STREAM     CONNECTED     59119    
250,unix  3      [ ]         STREAM     CONNECTED     47909    /run/user/1000/bus
251,unix  3      [ ]         STREAM     CONNECTED     48778    /run/user/1000/bus
252,unix  3      [ ]         STREAM     CONNECTED     47157    
253,unix  3      [ ]         STREAM     CONNECTED     59765    
254,unix  3      [ ]         STREAM     CONNECTED     59619    
255,unix  2      [ ]         DGRAM                    56372    
256,unix  3      [ ]         STREAM     CONNECTED     53134    
257,unix  3      [ ]         STREAM     CONNECTED     53717    
258,unix  3      [ ]         STREAM     CONNECTED     54546    /run/systemd/journal/stdout
259,unix  3      [ ]         STREAM     CONNECTED     47169    /run/dbus/system_bus_socket
260,unix  3      [ ]         STREAM     CONNECTED     57791    
261,unix  2      [ ]         DGRAM                    53940    
262,unix  3      [ ]         STREAM     CONNECTED     54777    /run/systemd/journal/stdout
263,unix  3      [ ]         STREAM     CONNECTED     51599    
264,unix  3      [ ]         STREAM     CONNECTED     54541    
265,unix  3      [ ]         SEQPACKET  CONNECTED     56866    
266,unix  3      [ ]         STREAM     CONNECTED     35983    
267,unix  3      [ ]         STREAM     CONNECTED     32553    /run/systemd/journal/stdout
268,unix  3      [ ]         STREAM     CONNECTED     55815    
269,unix  3      [ ]         STREAM     CONNECTED     52739    /run/user/1000/bus
270,unix  3      [ ]         STREAM     CONNECTED     34261    
271,unix  3      [ ]         STREAM     CONNECTED     56938    
272,unix  3      [ ]         STREAM     CONNECTED     55003    /run/dbus/system_bus_socket
273,unix  3      [ ]         STREAM     CONNECTED     32245    /run/systemd/journal/stdout
274,unix  3      [ ]         STREAM     CONNECTED     52879    /run/user/1000/bus
275,unix  3      [ ]         STREAM     CONNECTED     52760    /run/dbus/system_bus_socket
276,unix  3      [ ]         STREAM     CONNECTED     101047   /run/user/1000/bus
277,unix  3      [ ]         STREAM     CONNECTED     103444   /run/systemd/journal/stdout
278,unix  3      [ ]         STREAM     CONNECTED     98291    /run/dbus/system_bus_socket
279,unix  3      [ ]         STREAM     CONNECTED     98290    
280,unix  3      [ ]         STREAM     CONNECTED     92259    
281,unix  3      [ ]         STREAM     CONNECTED     47692    /run/systemd/journal/stdout
282,unix  3      [ ]         STREAM     CONNECTED     59121    /run/user/1000/bus
283,unix  3      [ ]         STREAM     CONNECTED     59853    
284,unix  3      [ ]         STREAM     CONNECTED     58264    
285,unix  3      [ ]         STREAM     CONNECTED     55144    
286,unix  3      [ ]         STREAM     CONNECTED     53870    /run/dbus/system_bus_socket
287,unix  3      [ ]         STREAM     CONNECTED     55612    
288,unix  3      [ ]         STREAM     CONNECTED     54881    /run/dbus/system_bus_socket
289,unix  3      [ ]         STREAM     CONNECTED     53459    
290,unix  3      [ ]         STREAM     CONNECTED     49085    
291,unix  3      [ ]         STREAM     CONNECTED     49037    
292,unix  3      [ ]         STREAM     CONNECTED     52212    
293,unix  3      [ ]         STREAM     CONNECTED     48883    
294,unix  3      [ ]         STREAM     CONNECTED     51455    
295,unix  3      [ ]         STREAM     CONNECTED     50161    
296,unix  3      [ ]         STREAM     CONNECTED     38760    /run/systemd/journal/stdout
297,unix  2      [ ]         DGRAM      CONNECTED     38301    
298,unix  3      [ ]         STREAM     CONNECTED     54576    
299,unix  3      [ ]         STREAM     CONNECTED     59624    /run/dbus/system_bus_socket
300,unix  3      [ ]         STREAM     CONNECTED     38653    /run/systemd/journal/stdout
301,unix  3      [ ]         STREAM     CONNECTED     39400    
302,unix  3      [ ]         STREAM     CONNECTED     32762    
303,unix  3      [ ]         STREAM     CONNECTED     50777    /run/user/1000/bus
304,unix  3      [ ]         STREAM     CONNECTED     55814    
305,unix  3      [ ]         STREAM     CONNECTED     50809    
306,unix  2      [ ]         DGRAM                    51445    
307,unix  3      [ ]         STREAM     CONNECTED     56904    
308,unix  3      [ ]         STREAM     CONNECTED     50681    
309,unix  2      [ ]         DGRAM                    35971    
310,unix  2      [ ]         DGRAM      CONNECTED     17976    
311,unix  2      [ ]         DGRAM      CONNECTED     38790    
312,unix  3      [ ]         STREAM     CONNECTED     51967    /run/systemd/journal/stdout
313,unix  3      [ ]         STREAM     CONNECTED     51966    
314,unix  3      [ ]         STREAM     CONNECTED     41249    /run/systemd/journal/stdout
315,unix  2      [ ]         DGRAM                    101839   
316,unix  3      [ ]         STREAM     CONNECTED     57438    /run/user/1000/wayland-0
317,unix  3      [ ]         STREAM     CONNECTED     53915    
318,unix  3      [ ]         STREAM     CONNECTED     54714    /run/systemd/journal/stdout
319,unix  3      [ ]         STREAM     CONNECTED     55328    
320,unix  3      [ ]         STREAM     CONNECTED     45596    /run/systemd/journal/stdout
321,unix  3      [ ]         STREAM     CONNECTED     58858    
322,unix  3      [ ]         STREAM     CONNECTED     59620    
323,unix  3      [ ]         STREAM     CONNECTED     55071    /run/dbus/system_bus_socket
324,unix  3      [ ]         STREAM     CONNECTED     53052    
325,unix  3      [ ]         STREAM     CONNECTED     53763    
326,unix  3      [ ]         STREAM     CONNECTED     42253    
327,unix  3      [ ]         STREAM     CONNECTED     59120    @/tmp/dbus-GDCLROQgAn
328,unix  3      [ ]         STREAM     CONNECTED     56551    
329,unix  3      [ ]         STREAM     CONNECTED     56550    
330,unix  3      [ ]         STREAM     CONNECTED     53831    
331,unix  3      [ ]         STREAM     CONNECTED     47900    
332,unix  3      [ ]         STREAM     CONNECTED     50551    
333,unix  3      [ ]         STREAM     CONNECTED     89981    
334,unix  3      [ ]         STREAM     CONNECTED     55155    
335,unix  3      [ ]         STREAM     CONNECTED     38459    /run/dbus/system_bus_socket
336,unix  3      [ ]         STREAM     CONNECTED     41117    
337,unix  3      [ ]         STREAM     CONNECTED     55376    @/tmp/dbus-GDCLROQgAn
338,unix  3      [ ]         STREAM     CONNECTED     54559    
339,unix  3      [ ]         STREAM     CONNECTED     55571    
340,unix  3      [ ]         STREAM     CONNECTED     48095    /run/user/1000/bus
341,unix  3      [ ]         STREAM     CONNECTED     38651    /run/systemd/journal/stdout
342,unix  3      [ ]         STREAM     CONNECTED     36113    
343,unix  3      [ ]         STREAM     CONNECTED     34456    
344,unix  3      [ ]         STREAM     CONNECTED     100359   /run/user/1000/wayland-0
345,unix  3      [ ]         STREAM     CONNECTED     58266    
346,unix  3      [ ]         STREAM     CONNECTED     55150    /run/systemd/journal/stdout
347,unix  3      [ ]         STREAM     CONNECTED     53925    
348,unix  3      [ ]         STREAM     CONNECTED     100540   
349,unix  3      [ ]         STREAM     CONNECTED     53985    
350,unix  3      [ ]         STREAM     CONNECTED     54715    /run/systemd/journal/stdout
351,unix  3      [ ]         STREAM     CONNECTED     48338    /run/containerd/containerd.sock
352,unix  3      [ ]         STREAM     CONNECTED     59118    
353,unix  3      [ ]         STREAM     CONNECTED     53812    
354,unix  3      [ ]         STREAM     CONNECTED     35569    /run/systemd/journal/stdout
355,unix  3      [ ]         STREAM     CONNECTED     34909    
356,unix  3      [ ]         STREAM     CONNECTED     58799    
357,unix  3      [ ]         SEQPACKET  CONNECTED     56872    
358,unix  3      [ ]         STREAM     CONNECTED     58805    
359,unix  3      [ ]         STREAM     CONNECTED     55900    
360,unix  3      [ ]         STREAM     CONNECTED     52190    /run/systemd/journal/stdout
361,unix  2      [ ]         DGRAM                    48090    
362,unix  3      [ ]         STREAM     CONNECTED     47949    /run/user/1000/bus
363,unix  3      [ ]         STREAM     CONNECTED     50813    /run/user/1000/bus
364,unix  2      [ ]         STREAM     CONNECTED     38868    
365,unix  3      [ ]         STREAM     CONNECTED     59705    /run/systemd/journal/stdout
366,unix  3      [ ]         STREAM     CONNECTED     52210    
367,unix  2      [ ]         DGRAM      CONNECTED     52102    
368,unix  3      [ ]         STREAM     CONNECTED     52800    /run/dbus/system_bus_socket
369,unix  3      [ ]         STREAM     CONNECTED     56415    @/tmp/dbus-GDCLROQgAn
370,unix  3      [ ]         STREAM     CONNECTED     54539    /run/user/1000/bus
371,unix  3      [ ]         STREAM     CONNECTED     99806    @/tmp/dbus-GDCLROQgAn
372,unix  3      [ ]         STREAM     CONNECTED     60269    
373,unix  3      [ ]         STREAM     CONNECTED     53962    
374,unix  3      [ ]         STREAM     CONNECTED     53868    
375,unix  3      [ ]         STREAM     CONNECTED     55483    
376,unix  3      [ ]         STREAM     CONNECTED     50245    
377,unix  3      [ ]         STREAM     CONNECTED     55005    /run/dbus/system_bus_socket
378,unix  3      [ ]         STREAM     CONNECTED     54774    /run/systemd/journal/stdout
379,unix  3      [ ]         STREAM     CONNECTED     89982    
380,unix  3      [ ]         STREAM     CONNECTED     58857    @/tmp/.X11-unix/X0
381,unix  3      [ ]         STREAM     CONNECTED     53819    
382,unix  3      [ ]         STREAM     CONNECTED     35283    /run/systemd/journal/stdout
383,unix  3      [ ]         STREAM     CONNECTED     88572    
384,unix  3      [ ]         STREAM     CONNECTED     59812    
385,unix  3      [ ]         STREAM     CONNECTED     53136    /run/user/1000/bus
386,unix  2      [ ]         DGRAM      CONNECTED     49004    
387,unix  3      [ ]         STREAM     CONNECTED     36454    
388,unix  3      [ ]         STREAM     CONNECTED     37725    /run/dbus/system_bus_socket
389,unix  3      [ ]         STREAM     CONNECTED     35873    /run/systemd/journal/stdout
390,unix  3      [ ]         STREAM     CONNECTED     34329    
391,unix  3      [ ]         STREAM     CONNECTED     54495    
392,unix  3      [ ]         STREAM     CONNECTED     33703    
393,unix  3      [ ]         STREAM     CONNECTED     100445   
394,unix  3      [ ]         STREAM     CONNECTED     53463    
395,unix  2      [ ]         DGRAM      CONNECTED     46647    
396,unix  3      [ ]         STREAM     CONNECTED     99580    
397,unix  3      [ ]         STREAM     CONNECTED     60445    
398,unix  3      [ ]         STREAM     CONNECTED     55045    /run/dbus/system_bus_socket
399,unix  3      [ ]         STREAM     CONNECTED     53031    
400,unix  3      [ ]         STREAM     CONNECTED     47954    
401,unix  3      [ ]         STREAM     CONNECTED     35572    
402,unix  3      [ ]         STREAM     CONNECTED     59002    
403,unix  3      [ ]         STREAM     CONNECTED     59623    
404,unix  3      [ ]         STREAM     CONNECTED     54875    /run/dbus/system_bus_socket
405,unix  3      [ ]         STREAM     CONNECTED     54663    /run/systemd/journal/stdout
406,unix  3      [ ]         STREAM     CONNECTED     37954    
407,unix  3      [ ]         STREAM     CONNECTED     52211    /run/systemd/journal/stdout
408,unix  3      [ ]         STREAM     CONNECTED     51480    
409,unix  3      [ ]         STREAM     CONNECTED     54267    /run/user/1000/bus
410,unix  3      [ ]         STREAM     CONNECTED     55818    @/home/mahdi/.cache/ibus/dbus-oC6xLb9W
411,unix  3      [ ]         STREAM     CONNECTED     55623    @/tmp/dbus-GDCLROQgAn
412,unix  3      [ ]         STREAM     CONNECTED     52279    
413,unix  3      [ ]         STREAM     CONNECTED     51682    /run/systemd/journal/stdout
414,unix  3      [ ]         STREAM     CONNECTED     50783    
415,unix  3      [ ]         SEQPACKET  CONNECTED     56870    
416,unix  3      [ ]         STREAM     CONNECTED     38458    /run/dbus/system_bus_socket
417,unix  3      [ ]         DGRAM      CONNECTED     17730    
418,unix  3      [ ]         STREAM     CONNECTED     58882    
419,unix  3      [ ]         STREAM     CONNECTED     56933    
420,unix  3      [ ]         STREAM     CONNECTED     53828    
421,unix  3      [ ]         STREAM     CONNECTED     51355    /run/systemd/journal/stdout
422,unix  3      [ ]         STREAM     CONNECTED     54873    /run/user/1000/bus
423,unix  3      [ ]         STREAM     CONNECTED     101882   
424,unix  3      [ ]         STREAM     CONNECTED     58124    
425,unix  3      [ ]         STREAM     CONNECTED     57790    
426,unix  3      [ ]         STREAM     CONNECTED     49138    /run/systemd/journal/stdout
427,unix  3      [ ]         STREAM     CONNECTED     56982    /run/user/1000/bus
428,unix  3      [ ]         STREAM     CONNECTED     58859    
429,unix  3      [ ]         STREAM     CONNECTED     53142    
430,unix  3      [ ]         STREAM     CONNECTED     53127    
431,unix  3      [ ]         STREAM     CONNECTED     54538    /run/user/1000/bus
432,unix  2      [ ]         STREAM     CONNECTED     45370    @/tmp/dbus-BKEXFnDq
433,unix  3      [ ]         STREAM     CONNECTED     60650    /run/dbus/system_bus_socket
434,unix  3      [ ]         STREAM     CONNECTED     49000    /run/user/1000/bus
435,unix  3      [ ]         STREAM     CONNECTED     55587    
436,unix  3      [ ]         STREAM     CONNECTED     49079    /run/user/1000/bus
437,unix  3      [ ]         STREAM     CONNECTED     51483    /run/user/1000/bus
438,unix  3      [ ]         STREAM     CONNECTED     36433    
439,unix  3      [ ]         STREAM     CONNECTED     38759    
440,unix  3      [ ]         STREAM     CONNECTED     36117    
441,unix  3      [ ]         STREAM     CONNECTED     34617    
442,unix  3      [ ]         STREAM     CONNECTED     38454    /run/dbus/system_bus_socket
443,unix  3      [ ]         STREAM     CONNECTED     58852    
444,unix  3      [ ]         STREAM     CONNECTED     58992    
445,unix  3      [ ]         STREAM     CONNECTED     52893    /run/user/1000/wayland-0
446,unix  3      [ ]         STREAM     CONNECTED     41099    
447,unix  3      [ ]         STREAM     CONNECTED     34816    /run/systemd/journal/stdout
448,unix  3      [ ]         STREAM     CONNECTED     99604    
449,unix  3      [ ]         STREAM     CONNECTED     58349    
450,unix  3      [ ]         STREAM     CONNECTED     56347    
451,unix  3      [ ]         STREAM     CONNECTED     53961    @/tmp/.X11-unix/X0
452,unix  3      [ ]         STREAM     CONNECTED     99802    @/dbus-vfs-daemon/socket-blaC8Gi5
453,unix  3      [ ]         STREAM     CONNECTED     58875    @/tmp/dbus-GDCLROQgAn
454,unix  3      [ ]         STREAM     CONNECTED     52213    /run/systemd/journal/stdout
455,unix  3      [ ]         STREAM     CONNECTED     55588    
456,unix  3      [ ]         STREAM     CONNECTED     47710    /run/systemd/journal/stdout
457,unix  3      [ ]         STREAM     CONNECTED     56920    
458,unix  3      [ ]         STREAM     CONNECTED     58807    
459,unix  3      [ ]         SEQPACKET  CONNECTED     56867    
460,unix  3      [ ]         STREAM     CONNECTED     38461    /run/dbus/system_bus_socket
461,unix  3      [ ]         STREAM     CONNECTED     55275    @/dbus-vfs-daemon/socket-1MRObvK0
462,unix  3      [ ]         STREAM     CONNECTED     55807    
463,unix  3      [ ]         STREAM     CONNECTED     54620    /run/systemd/journal/stdout
464,unix  3      [ ]         STREAM     CONNECTED     50782    
465,unix  3      [ ]         STREAM     CONNECTED     50776    
466,unix  3      [ ]         STREAM     CONNECTED     55008    
467,unix  3      [ ]         STREAM     CONNECTED     53055    /run/user/1000/bus
468,unix  2      [ ]         DGRAM                    55000    
469,unix  3      [ ]         STREAM     CONNECTED     99805    
470,unix  3      [ ]         STREAM     CONNECTED     92262    
471,unix  3      [ ]         STREAM     CONNECTED     58884    
472,unix  3      [ ]         STREAM     CONNECTED     57437    /run/systemd/journal/stdout
473,unix  3      [ ]         STREAM     CONNECTED     53830    
474,unix  3      [ ]         STREAM     CONNECTED     59764    
475,unix  3      [ ]         STREAM     CONNECTED     56339    /run/user/1000/bus
476,unix  3      [ ]         DGRAM      CONNECTED     48723    
477,unix  3      [ ]         STREAM     CONNECTED     60447    /run/user/1000/bus
478,unix  3      [ ]         STREAM     CONNECTED     53139    /run/user/1000/bus
479,unix  3      [ ]         STREAM     CONNECTED     55377    
480,unix  3      [ ]         STREAM     CONNECTED     43607    /run/dbus/system_bus_socket
481,unix  3      [ ]         STREAM     CONNECTED     53138    /run/user/1000/bus
482,unix  2      [ ]         DGRAM      CONNECTED     50170    
483,unix  3      [ ]         STREAM     CONNECTED     36502    
484,unix  2      [ ]         DGRAM      CONNECTED     35998    
485,unix  3      [ ]         STREAM     CONNECTED     38451    /run/dbus/system_bus_socket
486,unix  3      [ ]         STREAM     CONNECTED     34452    
487,unix  3      [ ]         STREAM     CONNECTED     91860    
488,unix  3      [ ]         STREAM     CONNECTED     55374    /run/user/1000/bus
489,unix  3      [ ]         STREAM     CONNECTED     41140    /run/dbus/system_bus_socket
490,unix  3      [ ]         STREAM     CONNECTED     38656    /run/systemd/journal/stdout
491,unix  3      [ ]         STREAM     CONNECTED     47908    
492,unix  3      [ ]         STREAM     CONNECTED     41100    /run/dbus/system_bus_socket
493,unix  3      [ ]         STREAM     CONNECTED     58991    
494,unix  3      [ ]         STREAM     CONNECTED     56359    
495,unix  3      [ ]         STREAM     CONNECTED     53823    
496,unix  3      [ ]         STREAM     CONNECTED     99799    /run/user/1000/bus
497,unix  3      [ ]         STREAM     CONNECTED     98289    /run/user/1000/bus
498,unix  3      [ ]         STREAM     CONNECTED     53537    
499,unix  3      [ ]         STREAM     CONNECTED     46675    
500,unix  3      [ ]         STREAM     CONNECTED     99603    /run/user/1000/bus
501,unix  3      [ ]         STREAM     CONNECTED     60268    /run/user/1000/wayland-0
502,unix  3      [ ]         STREAM     CONNECTED     53960    
503,unix  2      [ ]         DGRAM      CONNECTED     40582    
504,unix  3      [ ]         STREAM     CONNECTED     59112    /run/systemd/journal/stdout
505,unix  3      [ ]         STREAM     CONNECTED     53058    
506,unix  3      [ ]         STREAM     CONNECTED     54719    /run/user/1000/bus
507,unix  3      [ ]         STREAM     CONNECTED     92261    
508,unix  3      [ ]         STREAM     CONNECTED     58123    
509,unix  3      [ ]         STREAM     CONNECTED     47153    /run/dbus/system_bus_socket
510,unix  3      [ ]         STREAM     CONNECTED     43606    
511,unix  3      [ ]         STREAM     CONNECTED     58874    /run/user/1000/bus
512,unix  3      [ ]         STREAM     CONNECTED     52875    /run/user/1000/bus
513,unix  2      [ ]         STREAM     CONNECTED     53815    
514,unix  3      [ ]         STREAM     CONNECTED     55143    /run/systemd/journal/stdout
515,unix  3      [ ]         STREAM     CONNECTED     55294    @/tmp/.X11-unix/X1
516,unix  3      [ ]         STREAM     CONNECTED     55812    
517,unix  3      [ ]         STREAM     CONNECTED     17967    
518,unix  3      [ ]         STREAM     CONNECTED     37530    
519,unix  3      [ ]         STREAM     CONNECTED     39156    
520,unix  3      [ ]         STREAM     CONNECTED     36952    
521,unix  3      [ ]         STREAM     CONNECTED     51022    
522,unix  3      [ ]         STREAM     CONNECTED     53836    /run/user/1000/bus
523,unix  3      [ ]         STREAM     CONNECTED     49080    
524,unix  3      [ ]         STREAM     CONNECTED     49039    
525,unix  3      [ ]         STREAM     CONNECTED     38655    /run/systemd/journal/stdout
526,unix  3      [ ]         STREAM     CONNECTED     53933    
527,unix  3      [ ]         STREAM     CONNECTED     55525    
528,unix  3      [ ]         STREAM     CONNECTED     35584    
529,unix  3      [ ]         STREAM     CONNECTED     60449    
530,unix  3      [ ]         STREAM     CONNECTED     56981    /run/user/1000/bus
531,unix  3      [ ]         STREAM     CONNECTED     59720    
532,unix  3      [ ]         STREAM     CONNECTED     56412    
533,unix  3      [ ]         STREAM     CONNECTED     53141    @/tmp/dbus-GDCLROQgAn
534,unix  3      [ ]         STREAM     CONNECTED     53764    
535,unix  3      [ ]         STREAM     CONNECTED     48753    
536,unix  3      [ ]         STREAM     CONNECTED     58856    @/tmp/.X11-unix/X0
537,unix  3      [ ]         STREAM     CONNECTED     53847    /run/systemd/journal/stdout
538,unix  3      [ ]         STREAM     CONNECTED     47841    
539,unix  3      [ ]         STREAM     CONNECTED     55004    
540,unix  3      [ ]         STREAM     CONNECTED     55757    
541,unix  3      [ ]         STREAM     CONNECTED     52593    
542,unix  3      [ ]         STREAM     CONNECTED     51592    /run/systemd/journal/stdout
543,unix  3      [ ]         STREAM     CONNECTED     56903    
544,unix  3      [ ]         STREAM     CONNECTED     35989    
545,unix  3      [ ]         STREAM     CONNECTED     57928    
546,unix  3      [ ]         STREAM     CONNECTED     57884    
547,unix  3      [ ]         STREAM     CONNECTED     53448    
548,unix  3      [ ]         STREAM     CONNECTED     35872    /run/systemd/journal/stdout
549,unix  3      [ ]         STREAM     CONNECTED     100446   
550,unix  3      [ ]         STREAM     CONNECTED     58389    
551,unix  3      [ ]         STREAM     CONNECTED     57445    /run/user/1000/bus
552,unix  3      [ ]         STREAM     CONNECTED     50246    
553,unix  3      [ ]         STREAM     CONNECTED     101595   
554,unix  3      [ ]         STREAM     CONNECTED     59122    @/tmp/dbus-GDCLROQgAn
555,unix  3      [ ]         STREAM     CONNECTED     60265    
556,unix  3      [ ]         STREAM     CONNECTED     53864    /run/systemd/journal/stdout
557,unix  3      [ ]         STREAM     CONNECTED     53053    
558,unix  3      [ ]         STREAM     CONNECTED     55527    
559,unix  3      [ ]         STREAM     CONNECTED     55142    
560,unix  2      [ ]         DGRAM      CONNECTED     35129    
561,unix  3      [ ]         STREAM     CONNECTED     56984    /run/user/1000/bus
562,unix  3      [ ]         STREAM     CONNECTED     53820    
563,unix  3      [ ]         STREAM     CONNECTED     54778    /run/user/1000/bus
564,unix  3      [ ]         STREAM     CONNECTED     58851    
565,unix  3      [ ]         STREAM     CONNECTED     51593    /run/systemd/journal/stdout
566,unix  3      [ ]         STREAM     CONNECTED     39915    
567,unix  3      [ ]         STREAM     CONNECTED     37760    /run/dbus/system_bus_socket
568,unix  3      [ ]         STREAM     CONNECTED     57359    
569,unix  3      [ ]         STREAM     CONNECTED     55822    /run/user/1000/wayland-0
570,unix  3      [ ]         STREAM     CONNECTED     96920    /run/systemd/journal/stdout
571,unix  3      [ ]         STREAM     CONNECTED     59806    
572,unix  3      [ ]         STREAM     CONNECTED     53835    /run/user/1000/bus
573,unix  3      [ ]         STREAM     CONNECTED     54822    /run/user/1000/bus
574,unix  3      [ ]         STREAM     CONNECTED     49031    
575,unix  3      [ ]         STREAM     CONNECTED     38560    /run/systemd/journal/stdout
576,unix  3      [ ]         STREAM     CONNECTED     38450    /run/dbus/system_bus_socket
577,unix  3      [ ]         STREAM     CONNECTED     57877    @/tmp/.X11-unix/X0
578,unix  3      [ ]         STREAM     CONNECTED     55400    @/tmp/.ICE-unix/2325
579,unix  2      [ ]         DGRAM      CONNECTED     51473    
580,unix  3      [ ]         STREAM     CONNECTED     56355    
581,unix  3      [ ]         STREAM     CONNECTED     55151    /run/systemd/journal/stdout
582,unix  3      [ ]         STREAM     CONNECTED     54709    /run/systemd/journal/stdout
583,unix  3      [ ]         STREAM     CONNECTED     53507    
584,unix  3      [ ]         DGRAM      CONNECTED     41245    
585,unix  3      [ ]         STREAM     CONNECTED     53963    
586,unix  3      [ ]         STREAM     CONNECTED     54775    /run/user/1000/bus
587,unix  3      [ ]         STREAM     CONNECTED     53967    /run/user/1000/bus
588,unix  3      [ ]         STREAM     CONNECTED     98906    
589,unix  3      [ ]         STREAM     CONNECTED     56936    
590,unix  3      [ ]         STREAM     CONNECTED     48829    /run/systemd/journal/stdout
591,unix  3      [ ]         STREAM     CONNECTED     48816    /run/dbus/system_bus_socket
592,unix  2      [ ]         DGRAM                    35991    
593,unix  3      [ ]         DGRAM      CONNECTED     19568    
594,unix  2      [ ]         DGRAM      CONNECTED     17887    
595,unix  3      [ ]         STREAM     CONNECTED     55622    
596,unix  3      [ ]         STREAM     CONNECTED     55399    /run/user/1000/bus
597,unix  3      [ ]         STREAM     CONNECTED     50968    
598,unix  3      [ ]         STREAM     CONNECTED     59115    /run/systemd/journal/stdout
599,unix  3      [ ]         STREAM     CONNECTED     56986    
600,unix  3      [ ]         STREAM     CONNECTED     50792    /run/dbus/system_bus_socket
601,unix  2      [ ]         DGRAM      CONNECTED     34103    
602,unix  2      [ ]         STREAM     CONNECTED     36108    
603,unix  3      [ ]         STREAM     CONNECTED     52857    /run/user/1000/bus
604,unix  3      [ ]         STREAM     CONNECTED     48756    
605,unix  3      [ ]         STREAM     CONNECTED     54871    /run/systemd/journal/stdout
606,unix  3      [ ]         STREAM     CONNECTED     35573    
607,unix  3      [ ]         STREAM     CONNECTED     99605    @/tmp/dbus-GDCLROQgAn
608,unix  3      [ ]         STREAM     CONNECTED     53860    /run/systemd/journal/stdout
609,unix  3      [ ]         STREAM     CONNECTED     52891    /run/user/1000/wayland-0
610,unix  3      [ ]         STREAM     CONNECTED     51973    /run/dbus/system_bus_socket
611,unix  3      [ ]         STREAM     CONNECTED     46453    /run/systemd/journal/stdout
612,unix  3      [ ]         STREAM     CONNECTED     92260    
613,unix  3      [ ]         STREAM     CONNECTED     58865    
614,unix  3      [ ]         STREAM     CONNECTED     50610    
615,unix  3      [ ]         STREAM     CONNECTED     57314    
616,unix  3      [ ]         STREAM     CONNECTED     96921    /run/systemd/journal/stdout
617,unix  3      [ ]         STREAM     CONNECTED     54662    
618,unix  3      [ ]         STREAM     CONNECTED     51692    /run/systemd/journal/stdout
619,unix  3      [ ]         STREAM     CONNECTED     50810    
620,unix  2      [ ]         DGRAM      CONNECTED     38447    
621,unix  3      [ ]         STREAM     CONNECTED     57879    /run/user/1000/bus
622,unix  3      [ ]         STREAM     CONNECTED     55293    
623,unix  3      [ ]         STREAM     CONNECTED     53880    @/tmp/dbus-GDCLROQgAn
624,unix  3      [ ]         STREAM     CONNECTED     52937    
625,unix  3      [ ]         STREAM     CONNECTED     39916    
626,unix  3      [ ]         STREAM     CONNECTED     35130    /run/systemd/journal/stdout
627,unix  3      [ ]         STREAM     CONNECTED     59146    
628,unix  3      [ ]         STREAM     CONNECTED     57279    /run/user/1000/bus
629,unix  3      [ ]         STREAM     CONNECTED     56964    
630,unix  3      [ ]         STREAM     CONNECTED     47919    
631,unix  2      [ ]         DGRAM                    47913    
632,unix  3      [ ]         STREAM     CONNECTED     53866    /run/systemd/journal/stdout
633,unix  3      [ ]         STREAM     CONNECTED     53973    
634,unix  3      [ ]         STREAM     CONNECTED     56349    /run/user/1000/bus
635,unix  3      [ ]         STREAM     CONNECTED     55441    
636,unix  3      [ ]         STREAM     CONNECTED     47145    
637,unix  3      [ ]         STREAM     CONNECTED     59137    /run/systemd/journal/stdout
638,unix  3      [ ]         STREAM     CONNECTED     58348    
639,unix  3      [ ]         STREAM     CONNECTED     56416    
640,unix  3      [ ]         STREAM     CONNECTED     56340    
641,unix  3      [ ]         STREAM     CONNECTED     54713    /run/systemd/journal/stdout
642,unix  3      [ ]         STREAM     CONNECTED     53508    /run/systemd/journal/stdout
643,unix  3      [ ]         DGRAM      CONNECTED     41246    
644,unix  3      [ ]         STREAM     CONNECTED     88571    
645,unix  3      [ ]         STREAM     CONNECTED     36706    
646,unix  3      [ ]         STREAM     CONNECTED     56076    
647,unix  3      [ ]         STREAM     CONNECTED     55641    
648,unix  3      [ ]         STREAM     CONNECTED     54773    
649,unix  3      [ ]         STREAM     CONNECTED     52588    
650,unix  3      [ ]         STREAM     CONNECTED     56905    
651,unix  3      [ ]         STREAM     CONNECTED     55394    /run/user/1000/bus
652,unix  3      [ ]         STREAM     CONNECTED     38455    /run/dbus/system_bus_socket
653,unix  3      [ ]         STREAM     CONNECTED     35949    
654,unix  3      [ ]         STREAM     CONNECTED     54823    
655,unix  3      [ ]         STREAM     CONNECTED     56921    
656,unix  3      [ ]         STREAM     CONNECTED     53768    
657,unix  3      [ ]         STREAM     CONNECTED     100440   
658,unix  3      [ ]         STREAM     CONNECTED     58387    
659,unix  2      [ ]         DGRAM      CONNECTED     48712    
660,unix  2      [ ]         DGRAM      CONNECTED     46644    
661,unix  3      [ ]         STREAM     CONNECTED     100039   @/dbus-vfs-daemon/socket-A5Sc95Vy
662,unix  3      [ ]         STREAM     CONNECTED     101597   
663,unix  3      [ ]         STREAM     CONNECTED     53861    /run/systemd/journal/stdout
664,unix  3      [ ]         STREAM     CONNECTED     54712    /run/systemd/journal/stdout
665,unix  3      [ ]         STREAM     CONNECTED     57277    
666,unix  3      [ ]         STREAM     CONNECTED     55616    
667,unix  3      [ ]         STREAM     CONNECTED     55596    
668,unix  3      [ ]         STREAM     CONNECTED     49084    
669,unix  2      [ ]         DGRAM      CONNECTED     49966    
670,unix  3      [ ]         STREAM     CONNECTED     41119    /run/dbus/system_bus_socket
671,unix  3      [ ]         STREAM     CONNECTED     38871    
672,unix  3      [ ]         STREAM     CONNECTED     39913    /run/dbus/system_bus_socket
673,unix  3      [ ]         STREAM     CONNECTED     32627    /run/systemd/journal/stdout
674,unix  3      [ ]         STREAM     CONNECTED     52596    /run/systemd/journal/stdout
675,unix  3      [ ]         STREAM     CONNECTED     48810    /run/user/1000/bus
676,unix  3      [ ]         STREAM     CONNECTED     58806    
677,unix  3      [ ]         STREAM     CONNECTED     47945    /run/user/1000/bus
678,unix  3      [ ]         STREAM     CONNECTED     50825    
679,unix  3      [ ]         STREAM     CONNECTED     41057    
680,unix  3      [ ]         STREAM     CONNECTED     39705    
681,unix  3      [ ]         STREAM     CONNECTED     55621    
682,unix  3      [ ]         STREAM     CONNECTED     89978    
683,unix  3      [ ]         STREAM     CONNECTED     56985    
684,unix  3      [ ]         STREAM     CONNECTED     58885    @/tmp/.X11-unix/X0
685,unix  3      [ ]         STREAM     CONNECTED     53848    /run/systemd/journal/stdout
686,unix  3      [ ]         STREAM     CONNECTED     51507    /run/systemd/journal/stdout
687,unix  3      [ ]         STREAM     CONNECTED     35567    
688,unix  3      [ ]         STREAM     CONNECTED     58864    
689,unix  3      [ ]         STREAM     CONNECTED     59627    
690,unix  3      [ ]         STREAM     CONNECTED     56353    
691,unix  3      [ ]         STREAM     CONNECTED     53137    /run/user/1000/bus
692,unix  3      [ ]         STREAM     CONNECTED     53538    
693,unix  3      [ ]         STREAM     CONNECTED     40493    /run/systemd/journal/stdout
694,unix  3      [ ]         STREAM     CONNECTED     53916    
695,unix  3      [ ]         STREAM     CONNECTED     55526    
696,unix  3      [ ]         STREAM     CONNECTED     58873    /run/user/1000/wayland-0
697,unix  3      [ ]         STREAM     CONNECTED     52677    /run/dbus/system_bus_socket
698,unix  3      [ ]         STREAM     CONNECTED     51597    
699,unix  2      [ ]         DGRAM      CONNECTED     34264    
700,unix  3      [ ]         STREAM     CONNECTED     41054    /run/dbus/system_bus_socket
701,unix  3      [ ]         STREAM     CONNECTED     35992    
702,unix  2      [ ]         DGRAM      CONNECTED     35945    
703,unix  3      [ ]         STREAM     CONNECTED     55844    
704,unix  3      [ ]         STREAM     CONNECTED     54711    
705,unix  3      [ ]         STREAM     CONNECTED     54442    /run/systemd/journal/stdout
706,unix  3      [ ]         STREAM     CONNECTED     50775    
707,unix  3      [ ]         STREAM     CONNECTED     35985    
708,unix  3      [ ]         STREAM     CONNECTED     54570    
709,unix  3      [ ]         STREAM     CONNECTED     100036   
710,unix  3      [ ]         STREAM     CONNECTED     59814    
711,unix  3      [ ]         STREAM     CONNECTED     56926    /run/user/1000/bus
712,unix  3      [ ]         STREAM     CONNECTED     49081    @/tmp/dbus-GDCLROQgAn
713,unix  3      [ ]         STREAM     CONNECTED     48974    
714,unix  3      [ ]         STREAM     CONNECTED     49956    
715,unix  3      [ ]         STREAM     CONNECTED     36369    /run/dbus/system_bus_socket
716,unix  3      [ ]         STREAM     CONNECTED     34390    
717,unix  3      [ ]         STREAM     CONNECTED     60266    
718,unix  3      [ ]         STREAM     CONNECTED     58263    
719,unix  3      [ ]         STREAM     CONNECTED     99807    /run/dbus/system_bus_socket
720,unix  3      [ ]         STREAM     CONNECTED     59763    
721,unix  3      [ ]         STREAM     CONNECTED     56414    
722,unix  3      [ ]         STREAM     CONNECTED     55053    /run/user/1000/pulse/native
723,unix  3      [ ]         STREAM     CONNECTED     51493    /run/systemd/journal/stdout
724,unix  3      [ ]         STREAM     CONNECTED     53769    
725,unix  3      [ ]         STREAM     CONNECTED     49958    @/tmp/dbus-vn2LNhHo
726,unix  3      [ ]         STREAM     CONNECTED     35671    
727,unix  3      [ ]         STREAM     CONNECTED     55160    @/tmp/dbus-GDCLROQgAn
728,unix  3      [ ]         STREAM     CONNECTED     55158    @/tmp/.X11-unix/X1
729,unix  3      [ ]         STREAM     CONNECTED     52674    
730,unix  3      [ ]         STREAM     CONNECTED     54444    /run/user/1000/pulse/native
731,unix  3      [ ]         STREAM     CONNECTED     51819    /run/systemd/journal/stdout
732,unix  3      [ ]         STREAM     CONNECTED     51607    /run/systemd/journal/stdout
733,unix  3      [ ]         STREAM     CONNECTED     51516    /run/dbus/system_bus_socket
734,unix  3      [ ]         STREAM     CONNECTED     35132    /run/systemd/journal/stdout
735,unix  3      [ ]         STREAM     CONNECTED     35978    
736,unix  3      [ ]         STREAM     CONNECTED     18019    /run/systemd/journal/stdout
737,unix  3      [ ]         STREAM     CONNECTED     98273    
738,unix  3      [ ]         STREAM     CONNECTED     54779    /run/user/1000/bus
739,unix  3      [ ]         STREAM     CONNECTED     53458    
740,unix  2      [ ]         STREAM     CONNECTED     49086    
741,unix  3      [ ]         STREAM     CONNECTED     51663    /run/systemd/journal/stdout
742,unix  3      [ ]         STREAM     CONNECTED     53878    @/tmp/dbus-GDCLROQgAn
743,unix  3      [ ]         STREAM     CONNECTED     53876    
744,unix  3      [ ]         STREAM     CONNECTED     53060    
745,unix  3      [ ]         STREAM     CONNECTED     42254    /run/dbus/system_bus_socket
746,unix  3      [ ]         STREAM     CONNECTED     92752    
747,unix  3      [ ]         STREAM     CONNECTED     59111    /run/systemd/journal/stdout
748,unix  3      [ ]         STREAM     CONNECTED     57953    @/tmp/dbus-GDCLROQgAn
749,unix  3      [ ]         STREAM     CONNECTED     59622    
750,unix  3      [ ]         STREAM     CONNECTED     53140    
751,unix  3      [ ]         STREAM     CONNECTED     53718    
752,unix  3      [ ]         STREAM     CONNECTED     46676    
753,unix  3      [ ]         STREAM     CONNECTED     60279    /run/systemd/journal/stdout
754,unix  3      [ ]         STREAM     CONNECTED     56979    
755,unix  3      [ ]         STREAM     CONNECTED     56965    /run/dbus/system_bus_socket
756,unix  3      [ ]         STREAM     CONNECTED     47888    
757,unix  3      [ ]         STREAM     CONNECTED     55661    @/tmp/.X11-unix/X0
758,unix  2      [ ]         DGRAM                    54999    
759,unix  3      [ ]         STREAM     CONNECTED     59621    /run/dbus/system_bus_socket
760,unix  3      [ ]         STREAM     CONNECTED     38452    /run/dbus/system_bus_socket
761,unix  3      [ ]         STREAM     CONNECTED     57076    /run/dbus/system_bus_socket
762,unix  3      [ ]         STREAM     CONNECTED     57926    
763,unix  3      [ ]         STREAM     CONNECTED     55617    
764,unix  3      [ ]         STREAM     CONNECTED     52280    /run/user/1000/bus
765,unix  3      [ ]         STREAM     CONNECTED     38860    
766,unix  3      [ ]         STREAM     CONNECTED     57278    
767,unix  3      [ ]         STREAM     CONNECTED     100541   
768,unix  3      [ ]         STREAM     CONNECTED     59717    
769,unix  3      [ ]         STREAM     CONNECTED     56103    @/tmp/dbus-GDCLROQgAn
770,unix  3      [ ]         STREAM     CONNECTED     56413    /run/user/1000/bus
771,unix  3      [ ]         STREAM     CONNECTED     98917    
772,unix  3      [ ]         STREAM     CONNECTED     53054    
773,unix  3      [ ]         STREAM     CONNECTED     53719    
774,unix  3      [ ]         STREAM     CONNECTED     59001    
775,unix  3      [ ]         STREAM     CONNECTED     52867    /run/user/1000/bus
776,unix  3      [ ]         STREAM     CONNECTED     51712    /run/dbus/system_bus_socket
777,unix  3      [ ]         STREAM     CONNECTED     35948    
778,unix  2      [ ]         DGRAM                    59332    
779,unix  3      [ ]         STREAM     CONNECTED     58804    
780,unix  3      [ ]         STREAM     CONNECTED     55816    /run/user/1000/bus
781,unix  3      [ ]         STREAM     CONNECTED     52936    
782,unix  3      [ ]         STREAM     CONNECTED     50819    /run/dbus/system_bus_socket
783,unix  3      [ ]         STREAM     CONNECTED     58877    /run/dbus/system_bus_socket
784,unix  3      [ ]         STREAM     CONNECTED     55572    
785,unix  3      [ ]         STREAM     CONNECTED     53443    
786,unix  3      [ ]         STREAM     CONNECTED     51096    /run/dbus/system_bus_socket
787,unix  3      [ ]         STREAM     CONNECTED     51481    
788,unix  3      [ ]         STREAM     CONNECTED     38761    
789,unix  3      [ ]         STREAM     CONNECTED     41139    
790,unix  3      [ ]         STREAM     CONNECTED     92751    
791,unix  3      [ ]         STREAM     CONNECTED     56356    @/home/mahdi/.cache/ibus/dbus-oC6xLb9W
792,unix  3      [ ]         STREAM     CONNECTED     47691    /run/systemd/journal/stdout
793,unix  3      [ ]         STREAM     CONNECTED     48299    
794,unix  3      [ ]         STREAM     CONNECTED     53920    
795,unix  3      [ ]         STREAM     CONNECTED     53059    /run/user/1000/bus
796,unix  3      [ ]         STREAM     CONNECTED     55569    
797,unix  3      [ ]         STREAM     CONNECTED     52592    /run/systemd/journal/stdout
798,unix  2      [ ]         DGRAM                    60278    
799,unix  3      [ ]         STREAM     CONNECTED     55156    
800,unix  3      [ ]         STREAM     CONNECTED     55145    @/tmp/.X11-unix/X1
801,unix  3      [ ]         STREAM     CONNECTED     53770    
802,unix  3      [ ]         STREAM     CONNECTED     98288    
803,unix  3      [ ]         STREAM     CONNECTED     56929    
804,unix  3      [ ]         STREAM     CONNECTED     50631    
805,unix  3      [ ]         STREAM     CONNECTED     91859    
806,unix  3      [ ]         STREAM     CONNECTED     54496    /run/user/1000/bus
807,unix  3      [ ]         STREAM     CONNECTED     59811    
808,unix  3      [ ]         STREAM     CONNECTED     49078    
809,unix  3      [ ]         STREAM     CONNECTED     51432    
810,unix  3      [ ]         STREAM     CONNECTED     36368    
811,unix  2      [ ]         DGRAM                    40268    
812,unix  3      [ ]         STREAM     CONNECTED     41056    
813,unix  3      [ ]         STREAM     CONNECTED     38453    /run/dbus/system_bus_socket
814,unix  3      [ ]         STREAM     CONNECTED     53829    
815,unix  3      [ ]         STREAM     CONNECTED     52743    /run/user/1000/bus
816,unix  3      [ ]         STREAM     CONNECTED     51787    /run/systemd/journal/stdout
817,unix  3      [ ]         STREAM     CONNECTED     41107    
818,unix  3      [ ]         STREAM     CONNECTED     60190    /run/user/1000/bus
819,unix  3      [ ]         STREAM     CONNECTED     59854    
820,unix  3      [ ]         STREAM     CONNECTED     55809    /run/user/1000/bus
821,unix  3      [ ]         STREAM     CONNECTED     56341    @/tmp/dbus-GDCLROQgAn
822,unix  3      [ ]         STREAM     CONNECTED     55072    /run/dbus/system_bus_socket
823,unix  3      [ ]         STREAM     CONNECTED     59114    /run/systemd/journal/stdout
824,unix  3      [ ]         STREAM     CONNECTED     53061    /run/user/1000/bus
825,unix  3      [ ]         STREAM     CONNECTED     53766    
826,unix  3      [ ]         STREAM     CONNECTED     52589    /run/user/1000/bus
827,unix  3      [ ]         STREAM     CONNECTED     46640    /run/dbus/system_bus_socket
828,unix  3      [ ]         STREAM     CONNECTED     38449    
829,unix  3      [ ]         STREAM     CONNECTED     55808    
830,unix  3      [ ]         STREAM     CONNECTED     55052    /run/dbus/system_bus_socket
831,unix  3      [ ]         STREAM     CONNECTED     52692    
832,unix  3      [ ]         STREAM     CONNECTED     50866    
833,unix  3      [ ]         STREAM     CONNECTED     50811    
834,unix  3      [ ]         STREAM     CONNECTED     32698    
835,unix  3      [ ]         STREAM     CONNECTED     56919    
836,unix  3      [ ]         STREAM     CONNECTED     35935    
837,unix  3      [ ]         STREAM     CONNECTED     101596   /run/user/1000/bus
838,unix  3      [ ]         STREAM     CONNECTED     100539   /run/systemd/journal/stdout
839,unix  3      [ ]         STREAM     CONNECTED     56983    
840,unix  3      [ ]         STREAM     CONNECTED     56932    
841,unix  3      [ ]         STREAM     CONNECTED     54876    
842,unix  3      [ ]         STREAM     CONNECTED     54870    
843,unix  3      [ ]         STREAM     CONNECTED     99804    /run/user/1000/wayland-0
844,unix  3      [ ]         STREAM     CONNECTED     53212    /run/user/1000/bus
845,unix  3      [ ]         STREAM     CONNECTED     55019    /run/user/1000/bus
846,unix  3      [ ]         STREAM     CONNECTED     53846    /run/systemd/journal/stdout
847,unix  3      [ ]         STREAM     CONNECTED     55528    
848,unix  3      [ ]         STREAM     CONNECTED     49139    
849,unix  3      [ ]         STREAM     CONNECTED     58171    
850,unix  3      [ ]         STREAM     CONNECTED     53143    @/tmp/dbus-GDCLROQgAn
851,unix  3      [ ]         STREAM     CONNECTED     52892    /run/user/1000/wayland-0
852,unix  3      [ ]         STREAM     CONNECTED     54706    /run/systemd/journal/stdout
853,unix  3      [ ]         STREAM     CONNECTED     48999    
854,unix  3      [ ]         STREAM     CONNECTED     48726    
855,unix  3      [ ]         STREAM     CONNECTED     45409    /run/systemd/journal/stdout
856,unix  3      [ ]         STREAM     CONNECTED     59807    
857,unix  3      [ ]         STREAM     CONNECTED     57939    
858,unix  3      [ ]         STREAM     CONNECTED     49042    
859,unix  3      [ ]         STREAM     CONNECTED     38861    /run/dbus/system_bus_socket
860,unix  3      [ ]         STREAM     CONNECTED     35354    /run/systemd/journal/stdout
861,unix  3      [ ]         STREAM     CONNECTED     54555    
862,unix  3      [ ]         STREAM     CONNECTED     38465    /run/dbus/system_bus_socket
863,unix  3      [ ]         STREAM     CONNECTED     35568    /run/systemd/journal/stdout
864,unix  3      [ ]         STREAM     CONNECTED     50675    
865,unix  3      [ ]         STREAM     CONNECTED     41108    /run/dbus/system_bus_socket
866,unix  3      [ ]         STREAM     CONNECTED     38456    /run/dbus/system_bus_socket
867,unix  3      [ ]         STREAM     CONNECTED     52866    /run/user/1000/bus
868,unix  3      [ ]         STREAM     CONNECTED     48762    /run/user/1000/bus
869,unix  3      [ ]         STREAM     CONNECTED     100441   
870,unix  2      [ ]         DGRAM      CONNECTED     54103    
871,unix  3      [ ]         STREAM     CONNECTED     56338    
872,unix  2      [ ]         DGRAM      CONNECTED     46638    
873,unix  3      [ ]         STREAM     CONNECTED     99602    
874,unix  3      [ ]         STREAM     CONNECTED     59117    /run/user/1000/bus
875,unix  3      [ ]         STREAM     CONNECTED     55619    /run/user/1000/wayland-0
876,unix  3      [ ]         STREAM     CONNECTED     54545    /run/systemd/journal/stdout
877,unix  3      [ ]         STREAM     CONNECTED     57927    
878,unix  3      [ ]         STREAM     CONNECTED     51535    
879,unix  3      [ ]         STREAM     CONNECTED     49236    
880,unix  3      [ ]         STREAM     CONNECTED     38448    
881,unix  3      [ ]         STREAM     CONNECTED     58850    
882,unix  3      [ ]         STREAM     CONNECTED     32628    /run/systemd/journal/stdout
883,unix  3      [ ]         DGRAM      CONNECTED     17729    
884,unix  3      [ ]         STREAM     CONNECTED     53986    /run/user/1000/bus
885,unix  3      [ ]         STREAM     CONNECTED     55842    
886,unix  3      [ ]         STREAM     CONNECTED     53845    /run/systemd/journal/stdout
887,unix  3      [ ]         STREAM     CONNECTED     47941    /run/user/1000/bus
888,unix  3      [ ]         STREAM     CONNECTED     89977    
889,unix  3      [ ]         STREAM     CONNECTED     53867    /run/systemd/journal/stdout
890,unix  3      [ ]         STREAM     CONNECTED     52894    /run/user/1000/wayland-0
891,unix  3      [ ]         STREAM     CONNECTED     56937    
892,unix  3      [ ]         STREAM     CONNECTED     52958    
893,unix  3      [ ]         STREAM     CONNECTED     48757    /run/dbus/system_bus_socket
894,unix  3      [ ]         STREAM     CONNECTED     59626    
895,unix  3      [ ]         STREAM     CONNECTED     53135    /run/user/1000/bus
896,unix  3      [ ]         DGRAM      CONNECTED     48724    
897,unix  3      [ ]         STREAM     CONNECTED     46451    
898,unix  3      [ ]         STREAM     CONNECTED     53974    @/home/mahdi/.cache/ibus/dbus-oC6xLb9W
899,unix  3      [ ]         STREAM     CONNECTED     55611    /run/systemd/journal/stdout
900,unix  3      [ ]         STREAM     CONNECTED     55378    /run/user/1000/bus
901,unix  3      [ ]         STREAM     CONNECTED     49141    
